,Filename,Season,Participant,X offset,X scale,Y offset,Y scale,Segment,Length,NaNs,X_mean,Y_mean,X_std,Y_std,Missing fixations,Mean speed,Median speed,Saccades,Median peak speed,Median saccade distance,Median saccade duration,Median fixation duration,Weibull fixation k,Weibull fixation lambda,Poisson discovery rate,Poisson discovery fit
0,data_Task6_P000_trial_0.txt,Ruj,0,17.116279069767472,0.9923076923076924,-1.2558139534883708,1.0125588697017267,1,60.0,0.14153333333332263,907.3864458396306,673.8123586051286,446.33966688903166,276.37048298875413,0,1329.6456205808454,739.801762776322,151,6883.131876118252,89.18258330509724,0.023,0.2145,1.0721063663933412,0.2687463561406547,0.012546586199844764,0.9980036052837141
0,data_Task6_P000_trial_0.txt,Ruj,0,17.116279069767472,0.9923076923076924,-1.2558139534883708,1.0125588697017267,2,60.0,0.1373333333333231,854.7533770211628,652.7244913730561,419.6923341778275,192.45883250721062,1,1223.0656254757557,620.2088402726931,152,12077.389453088388,132.2843671652287,0.03,0.267,1.3213207556342152,0.31286827094827624,0.006768656148307837,0.998452377556682
0,data_Task6_P000_trial_0.txt,Ruj,0,17.116279069767472,0.9923076923076924,-1.2558139534883708,1.0125588697017267,3,60.0,0.16228333333332035,1071.6945254423274,557.3559583185848,437.75802331112396,214.72155849647606,4,1128.735268090555,631.0237202257975,171,5588.028864713211,55.36571018219371,0.02,0.2165,1.1388688601520884,0.24755401304279248,0.010453301784779299,0.982786661451212
0,data_Task6_P001_trial_0.txt,Ruj,1,94.51162790697674,0.9824828636709824,64.04651162790698,0.9728506787330315,1,60.0,0.03058333333333471,942.3994637337421,549.8903785960753,455.7727377748787,234.79690026496644,0,1464.7460872872089,709.1802852155805,156,13379.55705009,223.8172041138675,0.037,0.306,2.076808573148715,0.32038058003404796,0.008689318359801426,0.9988332196921981
0,data_Task6_P001_trial_0.txt,Ruj,1,94.51162790697674,0.9824828636709824,64.04651162790698,0.9728506787330315,2,60.0,0.03696666666666748,904.7798780710109,551.4128377827036,506.7484701465268,255.30799068365718,0,1364.286892562988,737.200913416044,170,10986.690081831919,150.15957931250423,0.031,0.292,2.0506269564267043,0.29929960566075897,0.008101627546598943,0.992577190249529
0,data_Task6_P001_trial_0.txt,Ruj,1,94.51162790697674,0.9824828636709824,64.04651162790698,0.9728506787330315,3,60.0,0.030466666666668033,936.8356025404399,578.1664774426159,464.40896328941136,236.83487621673842,0,1452.3651769256771,724.9744711030404,176,11989.051513329077,174.24106475120215,0.036,0.295,2.3081370021326864,0.28290211264923504,0.008380541558082048,0.9992481210399076
0,data_Task6_P004_trial_0.txt,Ruj,4,36.465116279069775,1.012558869701727,-12.139534883720929,1.066997518610422,1,60.0,0.019550000000000296,1025.6944417602754,523.4523172016226,282.2703148427633,130.30696997155488,0,1166.6270289057602,730.297591958891,119,11967.25081090381,196.98257035117123,0.032,0.347,1.705715846438251,0.44680399416537553,0.004517702493503753,0.997387294959798
0,data_Task6_P004_trial_0.txt,Ruj,4,36.465116279069775,1.012558869701727,-12.139534883720929,1.066997518610422,2,60.0,0.015266666666666581,963.7834549767476,562.3029702591072,289.00683139659475,94.00789948970927,0,998.0813243311538,731.3675282602001,113,8034.2671569360855,88.93779303116582,0.021,0.367,1.4031915193116968,0.4547300376094299,0.003003464376645914,0.9937171292261034
0,data_Task6_P004_trial_0.txt,Ruj,4,36.465116279069775,1.012558869701727,-12.139534883720929,1.066997518610422,3,60.0,0.011983333333333268,1058.1497433120394,514.2737562359663,239.00521025666717,53.376495613627895,0,972.1558029289359,697.553481938461,92,9067.508560468348,128.70976216218915,0.028,0.376,1.1978281091468952,0.5499061037217218,0.00268443848427586,0.9751080074091885
0,data_Task6_P005_trial_0.txt,Ruj,5,-21.58139534883719,1.0023310023310026,31.395348837209298,0.9923076923076924,1,60.0,0.017600000000000105,906.3937779669664,530.155260508018,473.746497386083,197.6679118176271,0,2038.5621418482765,1179.1650195838924,134,18151.91839211626,272.58727283273305,0.049,0.364,2.1865703275602426,0.39351832342916104,0.009285293729966818,0.9977046634296192
0,data_Task6_P005_trial_0.txt,Ruj,5,-21.58139534883719,1.0023310023310026,31.395348837209298,0.9923076923076924,2,60.0,0.00934999999999995,906.4565595466015,524.7167256540966,466.6781056941688,248.95987504384524,1,1742.0247109820514,1039.8860266342217,129,16868.59387193946,215.26512201727886,0.041,0.3575,1.9810189546263501,0.4089067164575106,0.008017391325283082,0.984717681779882
0,data_Task6_P005_trial_0.txt,Ruj,5,-21.58139534883719,1.0023310023310026,31.395348837209298,0.9923076923076924,3,60.0,0.007033333333333298,1083.2576850343144,589.4819268082954,454.1254077961567,224.76370783832104,0,1651.689559707188,1030.1587451659823,147,14730.178603518458,180.50381184242687,0.038,0.3445,2.4868385568966644,0.34741147261495686,0.00914053933404469,0.993251586272796
0,data_Task6_P006_trial_0.txt,Ruj,6,-21.58139534883719,1.0336538461538465,-55.67441860465115,1.0023310023310024,1,60.0,0.03986666666666716,946.4985462923155,476.79959785273286,330.98745281154925,171.4383054617815,4,1395.842305746235,875.714285359698,113,14760.233419648192,199.54881568132382,0.037,0.3965,1.4245421093391288,0.4737220586787747,0.006166497313362952,0.9941027448129884
0,data_Task6_P006_trial_0.txt,Ruj,6,-21.58139534883719,1.0336538461538465,-55.67441860465115,1.0023310023310024,2,60.0,0.05939999999999834,1005.7756541446543,536.5443455474286,338.1953932124824,212.19147613207855,4,1325.4907393564033,884.2438502894976,95,13360.781702199212,182.22974704305895,0.032,0.3995,1.1843400456659585,0.5149017323307866,0.005863655160002581,0.9893288538014843
0,data_Task6_P006_trial_0.txt,Ruj,6,-21.58139534883719,1.0336538461538465,-55.67441860465115,1.0023310023310024,3,60.0,0.04321666666666679,951.6917157231567,501.8048972934962,340.3041062374548,211.848484634011,3,1315.829972469317,940.8671824779398,85,13858.727006390494,204.7461130880791,0.037,0.392,1.2186180388026218,0.49669257276879175,0.005373163848638727,0.9972388521453347
0,data_Task6_P008_trial_0.txt,Ruj,8,75.16279069767444,0.9634055265123226,9.627906976744184,0.9824828636709824,1,60.0,0.0247000000000008,1021.4444498684343,554.3613548634515,281.87159554800667,155.37769971684213,0,1395.3892592499333,669.3024785481067,144,12691.642256535057,267.3135329167901,0.0415,0.369,2.9793996595403156,0.35862080280207514,0.008476708283427623,0.9953988902183342
0,data_Task6_P008_trial_0.txt,Ruj,8,75.16279069767444,0.9634055265123226,9.627906976744184,0.9824828636709824,2,60.0,0.04859999999999953,993.9600067774811,481.8533168981262,333.8852056903868,171.56202988049847,0,1481.2744316412188,693.9637119917398,159,11880.556682152175,267.31885828215707,0.045,0.336,1.5923117384297865,0.32045950515166266,0.009513943336274021,0.9954906334641554
0,data_Task6_P008_trial_0.txt,Ruj,8,75.16279069767444,0.9634055265123226,9.627906976744184,0.9824828636709824,3,60.0,0.03930000000000056,1093.0155643682456,484.16402041193777,291.9479950044,152.29974837752576,1,1343.4553461676544,691.1060600732878,157,10861.230392825742,211.07374958819304,0.04,0.3435,2.0377297830283734,0.33046079797242534,0.008799883864881352,0.9953020651197154
0,data_Task6_P009_trial_0.txt,Ruj,9,17.116279069767472,1.055646481178396,-1.2558139534883708,1.033653846153846,1,60.0,0.029783333333334633,1033.9889787189622,506.92780136673133,334.36500551094184,167.07646969170224,0,1365.933523625681,932.4340832697695,96,10907.415187026927,192.30960206574335,0.0375,0.407,1.5574996450682224,0.5529043548606405,0.006862906183829391,0.9717165089688817
0,data_Task6_P009_trial_0.txt,Ruj,9,17.116279069767472,1.055646481178396,-1.2558139534883708,1.033653846153846,2,60.0,0.03196666666666803,998.3717784907178,585.0677831888205,350.81580404658047,192.23893553295235,0,1524.869480909086,1053.0712272999413,97,11141.247430960762,187.27559085164063,0.041,0.475,1.351457307804834,0.5755225064228159,0.004960677268336137,0.9841744917173887
0,data_Task6_P009_trial_0.txt,Ruj,9,17.116279069767472,1.055646481178396,-1.2558139534883708,1.033653846153846,3,60.0,0.05294999999999905,941.3793182482152,582.1816049652836,306.3153118895647,137.05595439433867,0,1431.4497537329753,1078.7549951024796,83,9369.98668132625,90.98257071453514,0.029,0.4725,1.2708713480221945,0.6589073798816332,0.002645704613611549,0.9562651641609587
0,data_Task6_P011_trial_0.txt,Ruj,11,75.16279069767444,0.9541420118343196,53.16279069767442,0.9824828636709826,1,60.0,0.030666666666668053,1032.4970644640778,514.1807395047515,90.0687462062618,78.68580138859234,0,846.4409583015249,583.1545881577664,109,7495.640187362315,94.34057087759352,0.023,0.4985,1.5502416894066489,0.5632406678042798,0.0022638243653923316,0.9868502005904269
0,data_Task6_P011_trial_0.txt,Ruj,11,75.16279069767444,0.9541420118343196,53.16279069767442,0.9824828636709826,2,60.0,0.01871666666666688,969.2663696872619,471.525649293703,81.79665351249335,32.050546090725014,0,838.7630522515375,615.5869390195871,100,7024.576077448389,84.36684251418939,0.021,0.5,1.628925518028555,0.5900959238891902,0.0010975524550307244,0.946794203143122
0,data_Task6_P011_trial_0.txt,Ruj,11,75.16279069767444,0.9541420118343196,53.16279069767442,0.9824828636709826,3,60.0,0.016433333333333324,965.7398983703198,546.9755305716891,75.24816327016717,66.83580303932384,0,852.940895977401,641.6776936144015,102,6478.990359748861,81.30848629076345,0.022,0.514,1.649159052043498,0.5904711316705851,0.0012755694199012967,0.9477158517256886
0,data_Task6_P012_trial_0.txt,Ruj,12,36.465116279069775,1.012558869701727,9.627906976744184,1.0125588697017267,1,60.0,0.014866666666666584,1001.3891073881312,516.0496827694487,354.5829200503809,127.97508622985278,0,1733.0431019047073,1294.8447014117144,109,16030.963304252558,175.23731827260724,0.037,0.473,1.6815702403477628,0.5342363565728199,0.005216910145781099,0.9916371220658476
0,data_Task6_P012_trial_0.txt,Ruj,12,36.465116279069775,1.012558869701727,9.627906976744184,1.0125588697017267,2,60.0,0.005883333333333305,932.068470679894,537.1120717179109,461.03607141283095,162.78083142178664,0,1672.7772688052141,1294.5139129645659,106,14174.358919428578,140.62718547155916,0.032,0.479,1.7745844073273243,0.5329632433755094,0.005526811227450382,0.9977333373061004
0,data_Task6_P012_trial_0.txt,Ruj,12,36.465116279069775,1.012558869701727,9.627906976744184,1.0125588697017267,3,60.0,0.005483333333333307,945.4020129266111,488.1762977695567,318.0472547716028,125.25933646221617,0,1665.2655194819708,1324.4427261576834,100,13886.665131707217,118.423169799632,0.032,0.476,1.915078176765315,0.5599273990291033,0.004827316153784001,0.9970287130148344
0,data_Task6_P014_trial_0.txt,Ruj,14,-60.279069767441854,1.0445344129554657,-12.139534883720929,1.0229976209357652,1,60.0,0.1094166666666595,914.4058174580416,530.1120727659292,382.1006088393138,208.21159013795113,13,1552.2305114390851,756.9582522237039,133,13854.958609256017,339.6865551991507,0.042,0.308,1.5218300391296038,0.37444884452754956,0.007432342766594637,0.9839485100785235
0,data_Task6_P014_trial_0.txt,Ruj,14,-60.279069767441854,1.0445344129554657,-12.139534883720929,1.0229976209357652,2,60.0,0.06613333333333093,972.481987765233,501.2746105544764,315.3058341299656,228.38647148674713,4,1335.8077779435587,745.2569603000089,111,12845.199777184316,288.6565997686533,0.041,0.343,1.8743354583826095,0.37430232177271716,0.009384496511157591,0.9937668713683234
0,data_Task6_P014_trial_0.txt,Ruj,14,-60.279069767441854,1.0445344129554657,-12.139534883720929,1.0229976209357652,3,60.0,0.02676666666666767,905.182952424678,578.8719860222676,209.87230876178438,139.23859135420648,2,1004.6004718343105,727.7345307382906,61,11934.622436756057,216.96694971595167,0.039,0.332,1.0140768592368354,0.5246204265830987,0.003923339653383855,0.9058959266863335
0,data_Task6_P016_trial_0.txt,Ruj,16,113.86046511627907,0.945054945054945,64.04651162790698,0.9634055265123226,1,60.0,0.07291666666666352,882.7035815779726,376.4248280269528,296.9903645354825,113.3394251072524,0,1088.6045550948945,574.0947649816177,114,14418.385902444303,185.30954292409663,0.034,0.447,1.8719832910697791,0.4856645172165788,0.00431234956837002,0.984442859441902
0,data_Task6_P016_trial_0.txt,Ruj,16,113.86046511627907,0.945054945054945,64.04651162790698,0.9634055265123226,2,60.0,0.15529999999998778,933.759975733197,377.5529061274123,232.94870139099217,140.42420637665282,0,985.5567105337374,559.6159284332763,105,12151.222194864418,164.7963387273194,0.032,0.512,1.6827203172317813,0.5623687699667146,0.004340848319712553,0.9928280339676848
0,data_Task6_P016_trial_0.txt,Ruj,16,113.86046511627907,0.945054945054945,64.04651162790698,0.9634055265123226,3,60.0,0.15404999999998792,968.9227376638571,341.7663460937037,174.51387676808218,140.49913675170922,2,954.6404689340308,533.4831040682778,109,9963.19593196149,126.46811824308736,0.03,0.495,1.7312532025433636,0.524682593504282,0.003442200413966052,0.9923301826016895
0,data_Task6_P017_trial_0.txt,Ruj,17,94.51162790697674,0.9824828636709824,-55.67441860465115,1.0336538461538465,1,60.0,0.09744999999999415,995.8448190480697,583.5212841127492,408.91241112610163,220.29242998969073,0,1143.551019895032,628.548274012884,87,15928.233178945497,307.43658173300855,0.042,0.4495,1.6794190516295646,0.6231068304481258,0.005472608083716268,0.9490412873167393
0,data_Task6_P017_trial_0.txt,Ruj,17,94.51162790697674,0.9824828636709824,-55.67441860465115,1.0336538461538465,2,60.0,0.07338333333333014,749.8271023297198,556.5632851834841,486.3884737381516,198.52612520001506,4,1208.4170530199929,654.2960967121478,119,13616.121161746856,239.91498669600327,0.037,0.392,1.837663739869153,0.44362623615484287,0.0061910145958760186,0.9891454285878618
0,data_Task6_P017_trial_0.txt,Ruj,17,94.51162790697674,0.9824828636709824,-55.67441860465115,1.0336538461538465,3,60.0,0.08296666666666241,845.4961056358458,493.09422625180713,544.8403166990447,276.17113660455254,0,1202.3140187486572,661.434578999292,110,13858.66862165874,215.10743272744577,0.0335,0.454,1.4560491745922675,0.5154785274965302,0.005591141771665543,0.9862436982470533
0,data_Task6_P019_trial_0.txt,Ruj,19,-2.232558139534888,1.0229976209357654,9.627906976744184,1.055646481178396,1,60.0,0.03413333333333446,985.0341211584333,426.5907280425541,350.3766897307251,122.24689394304944,0,1308.9353813543767,641.3764393768652,139,13543.82649296521,185.6414826289771,0.037,0.3675,2.466357260022553,0.3845465104203525,0.007406835494036729,0.9975621135673369
0,data_Task6_P019_trial_0.txt,Ruj,19,-2.232558139534888,1.0229976209357654,9.627906976744184,1.055646481178396,2,60.0,0.09551666666666103,1052.7459352373787,471.208422874606,285.4623925560846,136.19956003936267,0,1076.4952317988593,626.4947502055884,135,9438.29016327924,105.19414114189433,0.026,0.3575,1.557784354480557,0.39791708005008525,0.005873020970140002,0.9957665496201219
0,data_Task6_P019_trial_0.txt,Ruj,19,-2.232558139534888,1.0229976209357654,9.627906976744184,1.055646481178396,3,59.999,0.1570192836547182,1008.5115954725939,500.9012931946955,360.4973041211829,98.12242150782865,0,1092.9643555768268,677.816560316791,132,9114.859671875716,95.61938784620166,0.0245,0.372,1.6231731221836014,0.41765335095646544,0.006681542685453825,0.996389148031186
0,data_Task6_P020_trial_0.txt,Ruj,20,55.81395348837211,1.0023310023310024,9.627906976744184,0.9923076923076922,1,60.0,0.020766666666667082,986.9778162800086,401.07493808604846,291.36262626913265,160.06591609869227,0,1346.925746641039,829.8983360784484,129,14142.518769947003,160.48555720903167,0.03,0.3875,1.5317492215887287,0.4447697371332064,0.006087152100623565,0.9926404689184746
0,data_Task6_P020_trial_0.txt,Ruj,20,55.81395348837211,1.0023310023310024,9.627906976744184,0.9923076923076922,2,60.0,0.0192333333333336,917.2577540903851,411.0329991450958,203.97505289682275,174.06596588893618,0,1257.0259938692814,848.5308977787513,122,13806.892369580431,136.95198085414125,0.032,0.416,1.6196232997791127,0.46499120872711613,0.004255613369071633,0.9959131230714211
0,data_Task6_P020_trial_0.txt,Ruj,20,55.81395348837211,1.0023310023310024,9.627906976744184,0.9923076923076922,3,60.0,0.012833333333333263,894.5048591736926,499.03985873842515,312.8247838774217,140.73909394655715,0,1315.1205978529183,841.7193603296222,135,12727.466444142447,125.73708906626183,0.03,0.378,1.7566355631364647,0.40445840820072776,0.005793368291128375,0.9989210077609247
0,data_Task6_P021_trial_0.txt,Ruj,21,75.16279069767444,0.9923076923076924,-55.67441860465115,0.9634055265123226,1,60.0,0.027533333333334412,832.3914592814467,478.92578204896967,380.93066376495517,223.5258578243497,0,1806.9675556107788,1306.1346159582351,95,14854.827348212575,247.49534637571054,0.042,0.4515,1.8346518231112756,0.5756383127941719,0.005157817668208999,0.9974933220718223
0,data_Task6_P021_trial_0.txt,Ruj,21,75.16279069767444,0.9923076923076924,-55.67441860465115,0.9634055265123226,2,60.0,0.02960000000000128,839.6941560974063,565.1380526389186,476.74428949140076,245.20870663030522,0,1844.5422053215098,1349.9908349229358,107,13696.492956310283,196.00203137626096,0.037,0.4145,1.9454276765418979,0.5146755874352492,0.0058420296651866864,0.9974155728704163
0,data_Task6_P021_trial_0.txt,Ruj,21,75.16279069767444,0.9923076923076924,-55.67441860465115,0.9634055265123226,3,60.0,0.06136666666666479,885.8084947017898,452.53226774153313,473.934391019588,278.9237762459912,3,1943.6096465202668,1303.5811885996268,110,14921.64815314263,233.9445406216868,0.0465,0.451,1.682191201541268,0.48051070097479787,0.007815628634959233,0.9988031319897278
0,data_Task6_P024_trial_0.txt,Ruj,24,171.90697674418607,0.8200890019071838,151.11627906976744,0.945054945054945,1,60.0,0.0250166666666675,823.0932444039476,503.9911464627272,326.1524885667508,154.7106480393318,0,1843.2363167853669,1454.475060003181,99,12559.636026833912,141.78194073885535,0.036,0.381,1.3600512235737308,0.5285508147140948,0.004746949355469165,0.992083512156324
0,data_Task6_P024_trial_0.txt,Ruj,24,171.90697674418607,0.8200890019071838,151.11627906976744,0.945054945054945,2,60.0,0.005933333333333304,843.3282942236248,474.45236756403,411.3122868693661,237.28144721710285,0,1659.9090586581362,1358.5595519946012,70,12820.669698743412,158.39955754922306,0.0375,0.542,1.3139400560171643,0.8221965127541768,0.0037750240568882316,0.9874001050516175
0,data_Task6_P024_trial_0.txt,Ruj,24,171.90697674418607,0.8200890019071838,151.11627906976744,0.945054945054945,3,60.0,0.01323333333333326,834.0320990623985,631.2372653425012,337.20792422557207,184.73627105205205,0,1449.9804638735377,1065.0163537632998,98,11264.190825553946,132.8727376726077,0.033,0.466,1.6576005834558198,0.5651262364540708,0.005241565707871941,0.984803075720106
0,data_Task6_P028_trial_0.txt,Ruj,28,-2.232558139534888,1.0229976209357654,-12.139534883720929,0.9634055265123226,1,60.0,0.1312666666666571,894.6302653904487,570.5984461766906,414.37598847135615,210.62954459876934,1,1821.5073540389358,1191.228149335193,126,13978.763030464515,292.6157954645141,0.042,0.386,1.7118660725034378,0.4254065481539308,0.0066788622755584075,0.9927630070565173
0,data_Task6_P028_trial_0.txt,Ruj,28,-2.232558139534888,1.0229976209357654,-12.139534883720929,0.9634055265123226,2,60.0,0.08688333333332865,856.9310756745535,544.5418774559519,340.58196479339745,188.24944695576704,0,1517.4815583118357,1098.8064406389406,96,12776.330899724995,220.6412857777076,0.0415,0.391,1.383918222103162,0.5235982246516013,0.00574849929412374,0.9474581111996526
0,data_Task6_P028_trial_0.txt,Ruj,28,-2.232558139534888,1.0229976209357654,-12.139534883720929,0.9634055265123226,3,60.0,0.11749999999999194,851.112029483323,587.5619213103516,296.143537721955,175.71576381223682,0,1720.0913959583972,1262.9013811387563,104,8298.522071598303,134.27929419597615,0.029,0.342,1.073180687285413,0.4984786966135509,0.005382588659877894,0.9396370555720406
0,data_Task6_P031_trial_0.txt,Ruj,31,-79.62790697674416,1.1025641025641029,-99.2093023255814,1.066997518610422,1,60.0,0.035633333333334294,922.0766674288697,431.68497442318693,339.5743433212911,254.77894031327952,3,984.2884421187392,536.2607957863347,69,13002.916387030571,434.2016614132721,0.047,0.4745,1.433275394807904,0.6604883286506107,0.005383979076572253,0.960568236712858
0,data_Task6_P031_trial_0.txt,Ruj,31,-79.62790697674416,1.1025641025641029,-99.2093023255814,1.066997518610422,2,60.0,0.01551666666666658,913.3579347230163,419.09713689340145,289.33532928477433,192.63028987305827,0,930.7472057760838,571.9454405584964,76,11824.720490771057,220.05884372124444,0.037,0.581,1.5107457861633742,0.7468483066060471,0.004357119971273158,0.9790539090505758
0,data_Task6_P031_trial_0.txt,Ruj,31,-79.62790697674416,1.1025641025641029,-99.2093023255814,1.066997518610422,3,60.0,0.013149999999999927,933.6457125300265,408.3072129688196,413.7971277058012,151.50678676798282,0,853.2138218913658,565.3537468020241,52,12082.76764839362,291.6211909477855,0.0375,0.446,0.9827366278983819,0.8710339558556871,0.0038840551454729214,0.9452027371143122
0,data_Task6_P032_trial_0.txt,Ruj,32,55.81395348837211,0.9824828636709824,-55.67441860465115,0.9188034188034188,1,60.0,0.10293333333332688,774.6027077590281,296.2150695571892,584.3619989923634,310.12239544463046,2,1362.305668582764,576.5200152630532,145,13654.678253055741,192.5737041669184,0.034,0.265,1.481621759210153,0.3232545165421838,0.0069135046353819875,0.9886862936983718
0,data_Task6_P032_trial_0.txt,Ruj,32,55.81395348837211,0.9824828636709824,-55.67441860465115,0.9188034188034188,2,60.0,0.02371666666666737,946.5044819831535,495.31378469773665,424.7277617013583,186.72134978289625,0,917.0323040440588,547.6133724576671,102,10160.115732982182,122.75868717302708,0.0245,0.372,1.308281086237984,0.5037768300409046,0.0040463310536364445,0.9512817493110632
0,data_Task6_P032_trial_0.txt,Ruj,32,55.81395348837211,0.9824828636709824,-55.67441860465115,0.9188034188034188,3,60.0,0.06266666666666465,1267.8801974510286,381.07235048814,331.3623026484624,168.19301526187553,0,878.8306489829624,547.2570302504282,81,10667.03189520969,118.56506918021701,0.027,0.3895,1.0898849226831882,0.5552307536272708,0.012647619546698559,0.993565364210381
0,data_Task6_P033_trial_0.txt,Ruj,33,94.51162790697674,0.9923076923076924,20.51162790697674,1.012558869701727,1,60.0,0.011866666666666602,889.4599222958598,390.75336409643523,519.9072639571582,237.55432151620113,0,1331.1748019347,710.4845645498373,116,13483.000349309925,284.4331330564891,0.0415,0.422,1.847920737836925,0.4879903269951724,0.0072167030726598405,0.9963784941586309
0,data_Task6_P033_trial_0.txt,Ruj,33,94.51162790697674,0.9923076923076924,20.51162790697674,1.012558869701727,2,60.0,0.014599999999999919,923.4795579303992,411.95720398508973,423.4909321630157,252.22771706996065,0,1138.4232770001288,680.4253725965424,108,10838.431387873365,159.4404850384255,0.031,0.459,1.8607173448585572,0.523377616050533,0.004143619190628262,0.9846988527985248
0,data_Task6_P033_trial_0.txt,Ruj,33,94.51162790697674,0.9923076923076924,20.51162790697674,1.012558869701727,3,60.0,0.10618333333332652,1035.7001516688015,386.2723240749949,497.6076860932595,238.48014236143106,8,969.7946899343405,613.7533217133468,115,8921.696233821978,121.61880930587394,0.026,0.4275,1.9539801874109568,0.48069472125958723,0.0042457100531155005,0.986682828261667
0,data_Task6_P034_trial_0.txt,Ruj,34,17.116279069767472,1.0445344129554657,85.81395348837209,0.9541420118343196,1,60.0,0.028616666666667852,887.3816968732976,450.05594489121495,415.32489943155736,198.88079959667567,1,1123.0636653188901,660.7546850989916,102,11972.153032610851,217.474435198143,0.037,0.368,1.1939569332937585,0.4985936573836798,0.005181149472571841,0.9706870777548804
0,data_Task6_P034_trial_0.txt,Ruj,34,17.116279069767472,1.0445344129554657,85.81395348837209,0.9541420118343196,2,60.0,0.02803333333333446,753.1025353384966,495.6278007150552,337.64877297896885,171.49159451396045,0,1063.4767620364664,680.3640225709162,118,9991.282502776501,148.56724339104818,0.029,0.394,1.7853204634529534,0.46167089553012247,0.004551839351301372,0.9960120437449258
0,data_Task6_P034_trial_0.txt,Ruj,34,17.116279069767472,1.0445344129554657,85.81395348837209,0.9541420118343196,3,60.0,0.027483333333334407,641.7181416496857,538.7104717812091,332.6277294467211,121.07419058232638,0,1049.5725282985234,697.1363897305185,111,8089.634596611056,97.33876849555088,0.023,0.3455,1.4320030045431666,0.46694657207108387,0.0035563712899078503,0.9969520109794433
0,data_Task6_P035_trial_0.txt,Ruj,35,36.465116279069775,0.9923076923076924,20.51162790697674,0.9728506787330315,1,60.0,0.08029999999999604,1146.4274187653166,480.8029502045964,416.3694374710921,221.13489638445583,0,1883.7882727969072,1019.1815512133777,146,18096.283288453556,295.3884624588114,0.036,0.346,1.9129075116204803,0.3647247179182412,0.009829706245594386,0.9987285251408178
0,data_Task6_P035_trial_0.txt,Ruj,35,36.465116279069775,0.9923076923076924,20.51162790697674,0.9728506787330315,2,60.0,0.0900333333333283,997.8143551327606,519.5428645969993,429.4625589812594,205.16924399539917,2,1547.6575862099687,960.9808765884485,97,19032.57531631373,305.3709632939425,0.037,0.4035,1.2316529960364533,0.5291017413133509,0.005297901469681578,0.9772766975310504
0,data_Task6_P035_trial_0.txt,Ruj,35,36.465116279069775,0.9923076923076924,20.51162790697674,0.9728506787330315,3,60.0,0.0913166666666615,994.0181923549574,494.9530090153314,394.2602463177165,213.01506274940346,0,1826.3976099857462,1007.2600297577594,138,18413.201291832644,328.3022549009695,0.038,0.314,1.5990486044041574,0.3524411552912896,0.0076522698641941595,0.9566788540980121
0,data_Task6_P036_trial_0.txt,Ruj,36,36.465116279069775,1.0229976209357654,-33.90697674418604,1.055646481178396,1,60.0,0.00828333333333329,940.016490828477,401.49423327429645,369.742253159943,178.72934162137622,0,1350.1691793874638,628.1242316714017,159,10863.411157002389,191.6660463503757,0.039,0.3245,2.4456467697028286,0.31483489703616313,0.006847468051096892,0.9875490479944843
0,data_Task6_P036_trial_0.txt,Ruj,36,36.465116279069775,1.0229976209357654,-33.90697674418604,1.055646481178396,2,60.0,0.009249999999999951,781.4882571798654,315.0878427830592,298.42670526037534,162.80412280580907,0,1566.8663297570693,912.4190971684695,154,11255.86131416419,179.06013964397658,0.039,0.324,1.770152528518486,0.339587489695917,0.00518425317338659,0.9905378342606276
0,data_Task6_P036_trial_0.txt,Ruj,36,36.465116279069775,1.0229976209357654,-33.90697674418604,1.055646481178396,3,60.0,0.0045833333333333125,962.4525806058633,396.11551158850676,267.0867918991673,90.14091440386568,0,1301.9847850726621,849.8878807610623,142,8574.808787898672,119.37698443784628,0.027,0.363,1.869195763691919,0.36994182387586233,0.0041940320364277734,0.9905943385221743
0,data_Task6_P037_trial_0.txt,Ruj,37,75.16279069767444,0.9923076923076924,-33.90697674418604,1.055646481178396,1,60.0,0.08584999999999543,1077.9545981344588,445.7406290783931,361.96388698500715,176.39111315826835,1,1546.8265184968725,661.0806429354606,163,15769.375631467632,296.1327157809417,0.039,0.285,1.7222051870879689,0.2981457463916263,0.009811183054174529,0.9958047455064495
0,data_Task6_P037_trial_0.txt,Ruj,37,75.16279069767444,0.9923076923076924,-33.90697674418604,1.055646481178396,2,60.0,0.10743333333332639,1169.1376289065531,516.6527797294341,327.2073622021827,141.14924737684794,1,1275.5222472453922,649.2471411938693,122,14623.95366999809,279.1797705837165,0.0345,0.316,1.4293181191903848,0.407168103761918,0.008656882734821804,0.9932264366482015
0,data_Task6_P037_trial_0.txt,Ruj,37,75.16279069767444,0.9923076923076924,-33.90697674418604,1.055646481178396,3,60.0,0.14264999999998917,1109.3326987003784,458.2574654114891,336.8860364809993,150.46885920846887,0,1245.9033543754654,633.9942795229126,144,11980.177762165302,207.48920696675157,0.028,0.324,1.435097952819084,0.3484388443837401,0.008060376993805653,0.9965541475888943
0,data_Task6_P038_trial_0.txt,Ruj,38,-2.232558139534888,1.033653846153846,-12.139534883720929,1.0785953177257526,1,60.0,0.11259999999999248,1138.6257404229007,462.7979112819156,454.1464061500929,223.01408275789706,8,1882.94185152851,1061.4406801269267,162,17933.112259597878,196.7192229970067,0.034,0.293,1.7438502613943574,0.3106391993828142,0.01081752591852875,0.9945350855902052
0,data_Task6_P038_trial_0.txt,Ruj,38,-2.232558139534888,1.033653846153846,-12.139534883720929,1.0785953177257526,2,60.0,0.12276666666665803,1147.5191879298552,440.55752039419565,574.4937402941223,207.18946866131625,13,1802.6934724130872,980.9158972569859,163,16314.736938544293,186.64837219684767,0.034,0.269,1.8014537774740496,0.2965983191789592,0.010531183280293203,0.998493094004005
0,data_Task6_P038_trial_0.txt,Ruj,38,-2.232558139534888,1.033653846153846,-12.139534883720929,1.0785953177257526,3,59.998,0.22652421747397,1190.7940809244624,582.4371974610566,396.2344006226952,218.56221595684661,22,1716.7216323370178,1012.8254026873933,169,15950.838259324208,177.62664742392937,0.033,0.2665,1.4842244834496114,0.3077085476519975,0.01051373980486646,0.9976061638948888
0,data_Task6_P039_trial_0.txt,Ruj,39,17.116279069767472,0.9634055265123226,74.93023255813954,0.9634055265123226,1,60.0,0.13061666666665717,1081.3011759527787,464.62456993221554,321.58356591732394,100.46102483904714,0,1445.6152925239114,985.0095909607968,108,12822.009287875986,224.7739683245577,0.0335,0.4,1.233264475289303,0.4758414189271446,0.005017130479829482,0.942282803189697
0,data_Task6_P039_trial_0.txt,Ruj,39,17.116279069767472,0.9634055265123226,74.93023255813954,0.9634055265123226,2,60.0,0.16393333333332016,1284.5020726490598,655.6645593640313,456.15860437281196,123.95467062240753,0,1233.4527569574618,952.1778635006508,74,10545.232903236503,133.79193487322792,0.0325,0.49,1.1667880162807467,0.7360174829789373,0.005023699245892123,0.9406411500437746
0,data_Task6_P039_trial_0.txt,Ruj,39,17.116279069767472,0.9634055265123226,74.93023255813954,0.9634055265123226,3,60.0,0.11968333333332504,985.0778872104844,672.8646275913934,588.3088996628056,109.66065757781303,0,1176.9750058133602,938.1525744152503,56,10943.923025006863,118.31914272869453,0.033,0.523,0.9010876189867792,0.875012706140281,0.001751362415532215,0.8973157076190176
0,data_Task6_P040_trial_0.txt,Ruj,40,36.465116279069775,1.0023310023310026,151.11627906976744,0.8704453441295547,1,60.0,0.036400000000000876,977.8512461605554,537.8872062158381,173.14464796057283,103.14285182929417,0,1023.8294077405723,554.0095546682935,115,11237.30211713594,194.8654711471529,0.035,0.3825,1.7437205739608683,0.46829233421324445,0.004510011208926018,0.976651010453478
0,data_Task6_P040_trial_0.txt,Ruj,40,36.465116279069775,1.0023310023310026,151.11627906976744,0.8704453441295547,2,60.0,0.06361666666666455,1024.005153447316,476.39148806016425,233.74560024830487,108.92542438929802,0,975.6102744291439,542.3627697870177,87,13570.220481464079,252.98384528116458,0.038,0.487,1.45426970801029,0.5921186530851787,0.005229255981191438,0.9899390361912603
0,data_Task6_P040_trial_0.txt,Ruj,40,36.465116279069775,1.0023310023310026,151.11627906976744,0.8704453441295547,3,60.0,0.047299999999999676,852.7587271084701,482.822146928957,204.84015490363294,122.47291176406839,0,792.6965126200207,569.3981935623934,70,9170.836512580434,91.32617245927518,0.0235,0.481,1.2828955635247932,0.6914450613215111,0.0026985226304826523,0.9221502341959749
0,data_Task6_P051_trial_0.txt,Ruj,51,-21.58139534883719,1.0023310023310026,9.627906976744184,1.002331002331002,1,60.0,0.029200000000001242,844.7447552047367,477.3532054803684,452.52888649447885,212.37001619312332,2,1264.7413361542165,512.529012128134,124,16221.754014459166,247.25654385730374,0.037,0.368,1.7756756965069098,0.4179159886073234,0.005899703362115424,0.9788587262995497
0,data_Task6_P051_trial_0.txt,Ruj,51,-21.58139534883719,1.0023310023310026,9.627906976744184,1.002331002331002,2,60.0,0.01756666666666677,939.3510859411687,458.580082936324,366.761343286572,156.79012947752184,1,879.7529137614465,457.9401854915632,95,12107.970936548323,139.7597744972241,0.029,0.482,1.813847578253225,0.6009475481046138,0.00430644017802769,0.9877374788706024
0,data_Task6_P051_trial_0.txt,Ruj,51,-21.58139534883719,1.0023310023310026,9.627906976744184,1.002331002331002,3,60.0,0.023383333333334005,870.5833231794289,516.1220454375392,427.14022050311377,214.06632133809688,2,930.4054936426943,478.424306722296,91,13870.383359658907,198.76987945591327,0.036,0.444,1.4717585938919369,0.625481328316631,0.004122389087454557,0.9949008230515095
0,data_Task6_P053_trial_0.txt,Ruj,53,-40.93023255813949,1.0229976209357652,-33.90697674418604,1.012558869701727,1,60.0,0.03826666666666734,1071.937876769002,428.28874463754937,401.12385328631376,176.22064454480247,0,1291.9319237429622,732.2673573041019,93,13074.635614865248,241.64438615263992,0.038,0.487,2.320737764214572,0.6129420341766969,0.007075756906822725,0.9872753059932591
0,data_Task6_P053_trial_0.txt,Ruj,53,-40.93023255813949,1.0229976209357652,-33.90697674418604,1.012558869701727,2,60.0,0.03470000000000106,1081.1376482006515,442.54630196873904,168.63108860449304,102.71932081470729,0,1036.8904674696691,714.817773306057,74,9890.950249678986,140.04082708802886,0.032,0.695,1.8366715207724718,0.7932439442522911,0.007943345642132454,0.9925189072472286
0,data_Task6_P053_trial_0.txt,Ruj,53,-40.93023255813949,1.0229976209357652,-33.90697674418604,1.012558869701727,3,60.0,0.0531166666666657,1026.2308951499454,477.63633305398264,199.49981652557932,69.5668634818065,0,1031.5371114101338,682.4683275208279,75,12205.32415381321,133.50407093179274,0.027,0.599,1.5266726583852817,0.7718206356582473,0.007374295629521207,0.9860479266135522
0,data_Task6_P054_trial_0.txt,Ruj,54,75.16279069767444,0.9728506787330318,-44.7906976744186,0.9728506787330315,1,60.0,0.029250000000001247,959.4377301918212,464.50657703125614,373.1574676387867,150.7049985733947,0,1747.8465263363746,746.2850260810303,168,16877.589793252828,261.87700831098937,0.0425,0.281,2.4156875399511284,0.2834209534472477,0.009433534283227012,0.9881028805356229
0,data_Task6_P054_trial_0.txt,Ruj,54,75.16279069767444,0.9728506787330318,-44.7906976744186,0.9728506787330315,2,60.0,0.033016666666667915,960.2294214120371,484.6982617412192,257.07862846058623,101.75545394176484,0,1439.1575577066174,757.0670051100655,152,15613.466533321976,205.1910213047698,0.0315,0.325,2.215256859851964,0.340235931833176,0.005917631549060941,0.9666295813866755
0,data_Task6_P054_trial_0.txt,Ruj,54,75.16279069767444,0.9728506787330318,-44.7906976744186,0.9728506787330315,3,60.0,0.05866666666666509,942.6154807131504,475.00105110686684,298.878618860794,103.07204514726472,0,1348.2786996320478,727.3598707484227,128,15486.278626286272,213.87535688393,0.035,0.362,1.4989822598900195,0.4155762758651497,0.004627146700854484,0.9900313327434054
0,data_Task6_P058_trial_0.txt,Ruj,58,75.16279069767444,0.9634055265123226,42.27906976744187,0.9728506787330315,1,60.0,0.03531666666666766,909.8036158733598,454.07426729252035,343.1678729851044,154.3037694735088,0,1220.7474212850134,542.4176882641311,126,13138.798734490922,248.34254969576236,0.0405,0.361,2.04148828844664,0.42291243907730103,0.007045106549764008,0.9990932029875115
0,data_Task6_P058_trial_0.txt,Ruj,58,75.16279069767444,0.9634055265123226,42.27906976744187,0.9728506787330315,2,60.0,0.05256666666666576,910.9262924552497,442.55100423737514,388.0402821409976,134.63148777449877,2,1150.2124556924705,587.7435689950647,119,11799.825290182025,245.76979451971062,0.033,0.4105,1.856966739920102,0.4575393376786052,0.0048009510101983946,0.9983271546265482
0,data_Task6_P058_trial_0.txt,Ruj,58,75.16279069767444,0.9634055265123226,42.27906976744187,0.9728506787330315,3,60.0,0.054299999999998905,811.0968646417575,389.8803813673736,341.3216038761243,119.06425792882496,0,1132.5420165452965,585.1114147292884,116,11108.033586270294,197.61648020822975,0.039,0.428,2.0798103935619583,0.47085195853875905,0.005078804796738138,0.9787017154803089
